trial,trial_in_mode,mode,cold_or_warm,turn_end_at_s,first_audio_at_s,latency_ms,timed_out,contaminated_readings,candidate_text,timestamp
1,1,off,cold,3.04,9.090666666666667,6050.666666666667,false,0,"Hi, I'm here to pick up a refill of my Metformin prescription.",2026-09-06T10:58:48.526Z
2,2,off,warm,16.850666666666665,22.861333333333334,6010.666666666669,false,0,"Hi, I'm here to pick up a refill of my Metformin prescription.",2026-09-06T10:59:02.293Z
3,3,off,warm,27.021333333333335,33.04,6018.666666666664,false,1,"Hi, I'm here to pick up a refill of my Metformin prescription.",2026-09-06T10:59:12.487Z
4,4,off,warm,36.221333333333334,42.30133333333333,6079.999999999998,false,0,"Hi, I'm here to pick up a refill of my Metformin prescription.",2026-09-06T10:59:21.737Z
5,5,off,warm,45.512,51.552,6039.999999999999,false,0,"Hi, I'm here to pick up a refill of my Metformin prescription.",2026-09-06T10:59:30.998Z
6,6,off,warm,54.77066666666666,60.26133333333333,5490.66666666667,false,0,"Hi, I'm here to pick up a refill of my Metformin prescription.",2026-09-06T10:59:39.706Z
7,7,off,warm,63.461333333333336,68.53066666666666,5069.333333333326,false,0,"Hi, I'm here to pick up a refill of my Metformin prescription.",2026-09-06T10:59:47.995Z
8,8,off,warm,71.72,77.12,5400.0000000000055,false,0,"Hi, I'm here to pick up a refill of my Metformin prescription.",2026-09-06T10:59:56.581Z
9,9,off,warm,80.34133333333334,86.01066666666667,5669.333333333327,false,0,"Hi, I'm here to pick up a refill of my Metformin prescription",2026-09-06T11:00:05.483Z
10,10,off,warm,89.21066666666667,94.58133333333333,5370.666666666665,false,0,"Hi, I'm here to pick up a refill of my Metformin prescription.",2026-09-06T11:00:14.057Z
11,11,off,warm,97.77066666666667,103.352,5581.333333333333,false,0,"Hi, I'm here to pick up a refill of my Metformin prescription.",2026-09-06T11:00:22.842Z
12,12,off,warm,106.552,111.96,5407.999999999987,false,0,"Hi, I'm here to pick up a refill of my Metformin prescription.",2026-09-06T11:00:31.455Z
13,13,off,warm,115.18133333333333,120.66133333333333,5480.000000000004,false,1,"Hi, I'm here to pick up a refill of my Metformin prescription.",2026-09-06T11:00:40.174Z
14,14,off,warm,123.89066666666666,130.38133333333334,6490.666666666683,false,0,"Hi, I'm here to pick up a refill of my Metformin prescription.",2026-09-06T11:00:49.902Z
15,15,off,warm,133.592,139.05066666666667,5458.666666666659,false,0,"Hi, I'm here to pick up a refill of my Metformin prescription.",2026-09-06T11:00:58.578Z
16,16,off,warm,142.352,147.81066666666666,5458.666666666659,false,0,"Hi, I'm here to pick up a refill of my Metformin prescription.",2026-09-06T11:01:07.334Z
17,17,off,warm,151.04,157.01066666666668,5970.666666666688,false,0,"Hi, I'm here to pick up a refill of my Metformin prescription.",2026-09-06T11:01:16.544Z
18,18,off,warm,160.18133333333333,165.24,5058.6666666666815,false,0,"Hi, I'm here to pick up a refill of my Metformin prescription.",2026-09-06T11:01:24.770Z
19,19,off,warm,168.46133333333333,173.49066666666667,5029.333333333341,false,0,"Hi, I'm here to pick up a refill of my Metformin prescription.",2026-09-06T11:01:33.029Z
20,20,off,warm,176.76,182.552,5792.000000000002,false,0,"Hi, I'm here to pick up a refill of my Metformin prescription",2026-09-06T11:01:42.088Z
21,21,off,warm,2.541333333333333,,,true,0,"Hi, I'm here to pick up a refill of my Metformin prescription.",2026-09-06T11:02:25.514Z
22,22,off,warm,52.49066666666667,56.312,3821.333333333328,false,0,"Hi, I'm here to pick up a refill of my Metformin prescription.",2026-09-06T11:03:14.536Z
23,23,off,warm,63.62133333333333,69.52,5898.666666666663,false,0,"Hi, I'm here to pick up a refill of my Metformin prescription",2026-09-06T11:03:27.797Z
24,24,off,warm,72.8,78.37066666666666,5570.666666666668,false,0,"Hi, I'm here to pick up a refill of my Metformin prescription.",2026-09-06T11:03:36.643Z
25,25,off,warm,81.61066666666666,87.54133333333333,5930.666666666667,false,0,"Hi, I'm here to pick up a refill of my Metformin prescription.",2026-09-06T11:03:45.812Z
26,26,off,warm,90.8,95.792,4992.000000000005,false,1,"Hi, I'm here to pick up a refill of my Metformin prescription.",2026-09-06T11:03:54.058Z
27,27,off,warm,99.05066666666667,104.64,5589.3333333333285,false,0,"Hi, I'm here to pick up a refill of my Metformin prescription.",2026-09-06T11:04:02.923Z
28,28,off,warm,107.89066666666666,113.94133333333333,6050.6666666666715,false,0,"Hi, I'm here to pick up a refill of my Metformin prescription.",2026-09-06T11:04:12.247Z
29,29,off,warm,117.26133333333334,122.81066666666666,5549.333333333323,false,1,"Hi, I'm here to pick up a refill of my Metformin prescription.",2026-09-06T11:04:21.096Z
30,30,off,warm,126.08,131.14133333333334,5061.333333333338,false,0,"Hi, I'm here to pick up a refill of my Metformin prescription.",2026-09-06T11:04:29.428Z
31,1,on,cold,3.1013333333333333,3.570666666666667,469.3333333333336,false,0,"Hi, I'm here to pick up a refill of my Metformin prescription.",2026-09-06T11:04:39.876Z
32,2,on,warm,16.941333333333333,17.392,450.66666666666674,false,0,"Hi, I'm here to pick up a refill of my Metformin prescription.",2026-09-06T11:04:53.728Z
33,3,on,warm,30.56,31.061333333333334,501.33333333333496,false,0,"Hi, I'm here to pick up a refill of my Metformin prescription.",2026-09-06T11:05:06.849Z
34,4,on,warm,43.74133333333333,44.2,458.666666666673,false,0,"Hi, I'm here to pick up a refill of my Metformin prescription.",2026-09-06T11:05:20.528Z
35,5,on,warm,56.98133333333333,57.44,458.6666666666659,false,0,"Hi, I'm here to pick up a refill of my Metformin prescription.",2026-09-06T11:05:33.759Z
36,6,on,warm,70.98133333333334,71.46133333333333,479.99999999998977,false,0,"Hi, I'm here to pick up a refill of my Metformin prescription.",2026-09-06T11:05:47.829Z
37,7,on,warm,84.72,85.18133333333333,461.3333333333287,false,0,"Hi, I'm here to pick up a refill of my Metformin prescription.",2026-09-06T11:06:01.563Z
38,8,on,warm,98.512,98.98133333333334,469.3333333333385,false,0,"Hi, I'm here to pick up a refill of my Metformin prescription.",2026-09-06T11:06:15.340Z
39,9,on,warm,112.46133333333333,112.98133333333334,520.0000000000102,false,0,"Hi, I'm here to pick up a refill of my Metformin prescription.",2026-09-06T11:06:28.896Z
40,10,on,warm,125.86133333333333,126.33066666666667,469.3333333333385,false,0,"Hi, I'm here to pick up a refill of my Metformin prescription.",2026-09-06T11:06:42.664Z
41,11,on,warm,140.08,140.57066666666665,490.66666666664105,false,0,"Hi, I'm here to pick up a refill of my Metformin prescription.",2026-09-06T11:06:57.441Z
42,12,on,warm,153.912,154.38133333333334,469.3333333333385,false,0,"Hi, I'm here to pick up a refill of my Metformin prescription.",2026-09-06T11:07:10.736Z
43,13,on,warm,167.592,168.08,487.99999999999955,false,0,"Hi, I'm here to pick up a refill of my Metformin prescription.",2026-09-06T11:07:24.491Z
44,14,on,warm,181.30133333333333,181.76,458.6666666666588,false,0,"Hi, I'm here to pick up a refill of my Metformin prescription.",2026-09-06T11:07:38.161Z
45,15,on,warm,195.112,195.592,480.0000000000182,false,0,"Hi, I'm here to pick up a refill of my Metformin prescription.",2026-09-06T11:07:51.504Z
46,16,on,warm,208.512,208.992,479.99999999998977,false,0,"Hi, I'm here to pick up a refill of my Metformin prescription.",2026-09-06T11:08:04.893Z
47,17,on,warm,221.952,222.432,479.99999999998977,false,0,"Hi, I'm here to pick up a refill of my Metformin prescription.",2026-09-06T11:08:18.838Z
48,18,on,warm,235.752,236.22133333333332,469.33333333331007,false,0,"Hi, I'm here to pick up a refill of my Metformin prescription.",2026-09-06T11:08:32.651Z
49,19,on,warm,249.592,250.05066666666667,458.6666666666588,false,0,"Hi, I'm here to pick up a refill of my Metformin prescription.",2026-09-06T11:08:46.406Z
50,20,on,warm,263.22133333333335,263.6906666666667,469.3333333333385,false,0,"Hi, I'm here to pick up a refill of my Metformin prescription.",2026-09-06T11:08:59.586Z
51,21,on,warm,276.5706666666667,277.05066666666664,479.99999999996135,false,0,"Hi, I'm here to pick up a refill of my Metformin prescription.",2026-09-06T11:09:13.511Z
52,22,on,warm,290.552,291.04,487.99999999999955,false,0,"Hi, I'm here to pick up a refill of my Metformin prescription.",2026-09-06T11:09:26.974Z
53,23,on,warm,303.752,304.232,480.0000000000182,false,0,"Hi, I'm here to pick up a refill of my Metformin prescription.",2026-09-06T11:09:40.264Z
54,24,on,warm,316.992,317.4506666666667,458.6666666666588,false,0,"Hi, I'm here to pick up a refill of my Metformin prescription.",2026-09-06T11:09:54.568Z
55,25,on,warm,331.64,332.09066666666666,450.66666666667743,false,0,"Hi, I'm here to pick up a refill of my Metformin prescription.",2026-09-06T11:10:07.932Z
56,26,on,warm,344.8,345.30133333333333,501.33333333332075,false,0,"Hi, I'm here to pick up a refill of my Metformin prescription.",2026-09-06T11:10:21.805Z
57,27,on,warm,359.872,360.3706666666667,498.66666666667925,false,0,"Hi, I'm here to pick up a refill of my Metformin prescription.",2026-09-06T11:10:38.412Z
58,28,on,warm,375.29066666666665,375.78133333333335,490.6666666666979,false,0,"Hi, I'm here to pick up a refill of my Metformin prescription.",2026-09-06T11:10:52.259Z
59,29,on,warm,389.09066666666666,389.5706666666667,480.0000000000182,false,0,"Hi, I'm here to pick up a refill of my Metformin prescription.",2026-09-06T11:11:05.602Z
60,30,on,warm,402.4506666666667,402.9413333333333,490.66666666664105,false,0,"Hi, I'm here to pick up a refill of my Metformin prescription.",2026-09-06T11:11:19.404Z
